-- phpMyAdmin SQL Dump
-- version 5.0.2
-- https://www.phpmyadmin.net/
--
-- Host: 127.0.0.1
-- Generation Time: Jul 21, 2020 at 08:56 AM
-- Server version: 10.4.13-MariaDB
-- PHP Version: 7.4.7

SET SQL_MODE = "NO_AUTO_VALUE_ON_ZERO";
START TRANSACTION;
SET time_zone = "+00:00";


/*!40101 SET @OLD_CHARACTER_SET_CLIENT=@@CHARACTER_SET_CLIENT */;
/*!40101 SET @OLD_CHARACTER_SET_RESULTS=@@CHARACTER_SET_RESULTS */;
/*!40101 SET @OLD_COLLATION_CONNECTION=@@COLLATION_CONNECTION */;
/*!40101 SET NAMES utf8mb4 */;

--
-- Database: `employee_management`
--

-- --------------------------------------------------------

--
-- Table structure for table `city`
--

CREATE TABLE `city` (
  `id` int(10) UNSIGNED NOT NULL,
  `state_id` int(11) NOT NULL,
  `name` varchar(60) COLLATE utf8mb4_unicode_ci NOT NULL,
  `created_at` timestamp NULL DEFAULT NULL,
  `updated_at` timestamp NULL DEFAULT NULL,
  `deleted_at` timestamp NULL DEFAULT NULL
) ENGINE=MyISAM DEFAULT CHARSET=utf8mb4 COLLATE=utf8mb4_unicode_ci;

--
-- Dumping data for table `city`
--

INSERT INTO `city` (`id`, `state_id`, `name`, `created_at`, `updated_at`, `deleted_at`) VALUES
(9, 6, 'Bogor', '2020-07-19 06:40:35', '2020-07-19 06:40:35', NULL),
(8, 6, 'Bandung', '2020-07-19 06:40:25', '2020-07-19 06:40:25', NULL),
(7, 9, 'Seoul', '2020-07-19 06:40:17', '2020-07-19 06:40:17', NULL),
(10, 10, 'Bucheon', '2020-07-20 21:50:06', '2020-07-20 21:50:06', NULL);

-- --------------------------------------------------------

--
-- Table structure for table `country`
--

CREATE TABLE `country` (
  `id` int(10) UNSIGNED NOT NULL,
  `country_code` varchar(3) COLLATE utf8mb4_unicode_ci NOT NULL,
  `name` varchar(60) COLLATE utf8mb4_unicode_ci NOT NULL,
  `created_at` timestamp NULL DEFAULT NULL,
  `updated_at` timestamp NULL DEFAULT NULL,
  `deleted_at` timestamp NULL DEFAULT NULL
) ENGINE=MyISAM DEFAULT CHARSET=utf8mb4 COLLATE=utf8mb4_unicode_ci;

--
-- Dumping data for table `country`
--

INSERT INTO `country` (`id`, `country_code`, `name`, `created_at`, `updated_at`, `deleted_at`) VALUES
(3, 'ID', 'Indonesia', '2020-07-19 06:37:51', '2020-07-19 06:37:51', NULL),
(4, 'KR', 'Korea', '2020-07-19 06:38:01', '2020-07-19 06:38:01', NULL);

-- --------------------------------------------------------

--
-- Table structure for table `department`
--

CREATE TABLE `department` (
  `id` int(10) UNSIGNED NOT NULL,
  `name` varchar(60) COLLATE utf8mb4_unicode_ci NOT NULL,
  `code` varchar(11) COLLATE utf8mb4_unicode_ci NOT NULL,
  `created_at` timestamp NULL DEFAULT NULL,
  `updated_at` timestamp NULL DEFAULT NULL,
  `deleted_at` timestamp NULL DEFAULT NULL
) ENGINE=MyISAM DEFAULT CHARSET=utf8mb4 COLLATE=utf8mb4_unicode_ci;

--
-- Dumping data for table `department`
--

INSERT INTO `department` (`id`, `name`, `code`, `created_at`, `updated_at`, `deleted_at`) VALUES
(8, 'Human Resource', 'HR', '2020-07-20 21:54:46', '2020-07-20 21:54:46', NULL),
(7, 'Project', 'PJ', '2020-07-20 21:46:15', '2020-07-20 21:46:15', NULL),
(6, 'Finance', 'FC', '2020-07-20 21:46:07', '2020-07-20 21:46:07', NULL);

-- --------------------------------------------------------

--
-- Table structure for table `division`
--

CREATE TABLE `division` (
  `id` int(10) UNSIGNED NOT NULL,
  `name` varchar(60) COLLATE utf8mb4_unicode_ci NOT NULL,
  `code` varchar(11) COLLATE utf8mb4_unicode_ci NOT NULL,
  `created_at` timestamp NULL DEFAULT NULL,
  `updated_at` timestamp NULL DEFAULT NULL,
  `deleted_at` timestamp NULL DEFAULT NULL
) ENGINE=MyISAM DEFAULT CHARSET=utf8mb4 COLLATE=utf8mb4_unicode_ci;

--
-- Dumping data for table `division`
--

INSERT INTO `division` (`id`, `name`, `code`, `created_at`, `updated_at`, `deleted_at`) VALUES
(4, 'Budget Controller', 'BC', '2020-07-19 06:37:04', '2020-07-19 06:37:04', NULL),
(3, 'Pajak', 'TAX', '2020-07-19 06:36:49', '2020-07-19 06:36:49', NULL),
(5, 'Quality Control', 'QC', '2020-07-19 06:37:18', '2020-07-19 06:37:18', NULL),
(7, 'General Affair', 'GA', '2020-07-20 21:45:55', '2020-07-20 21:45:55', NULL);

-- --------------------------------------------------------

--
-- Table structure for table `employees`
--

CREATE TABLE `employees` (
  `id` int(10) UNSIGNED NOT NULL,
  `lastname` varchar(60) COLLATE utf8mb4_unicode_ci NOT NULL,
  `firstname` varchar(60) COLLATE utf8mb4_unicode_ci NOT NULL,
  `middlename` varchar(60) COLLATE utf8mb4_unicode_ci NOT NULL,
  `address` varchar(120) COLLATE utf8mb4_unicode_ci NOT NULL,
  `city_id` int(11) NOT NULL,
  `state_id` int(11) NOT NULL,
  `country_id` int(11) NOT NULL,
  `zip` char(10) COLLATE utf8mb4_unicode_ci NOT NULL,
  `birthdate` date NOT NULL,
  `date_join` date NOT NULL,
  `department_id` int(11) NOT NULL,
  `division_id` int(11) NOT NULL,
  `picture` varchar(60) COLLATE utf8mb4_unicode_ci NOT NULL,
  `updated_at` date NOT NULL DEFAULT current_timestamp(),
  `created_at` timestamp NULL DEFAULT NULL,
  `deleted_at` timestamp NULL DEFAULT NULL
) ENGINE=MyISAM DEFAULT CHARSET=utf8mb4 COLLATE=utf8mb4_unicode_ci;

--
-- Dumping data for table `employees`
--

INSERT INTO `employees` (`id`, `lastname`, `firstname`, `middlename`, `address`, `city_id`, `state_id`, `country_id`, `zip`, `birthdate`, `date_join`, `department_id`, `division_id`, `picture`, `updated_at`, `created_at`, `deleted_at`) VALUES
(5, 'Rong', 'Park', 'Chorong', 'Jalan Seoul aja', 7, 9, 4, '1234', '1989-07-06', '2020-07-19', 8, 7, 'avatars/1YmPtkxZM7r0dTxYJKZrBA77upEfB96l63kdV8zy.jpeg', '2020-07-21', '2020-07-19 06:44:24', NULL),
(7, 'Jin', 'Shin', 'Ryujin', 'Bandung aja', 8, 6, 3, '12345', '2001-04-17', '2020-07-21', 6, 4, 'avatars/GNOcfOInAdKINPKuZWMwVtu2Ni9QMwRCjYxvasPX.jpeg', '2020-07-21', '2020-07-20 21:57:53', NULL);

-- --------------------------------------------------------

--
-- Table structure for table `employee_salary`
--

CREATE TABLE `employee_salary` (
  `id` int(10) UNSIGNED NOT NULL,
  `employee_id` int(11) NOT NULL,
  `salary` decimal(16,2) NOT NULL,
  `created_at` timestamp NULL DEFAULT NULL,
  `updated_at` timestamp NULL DEFAULT NULL,
  `deleted_at` timestamp NULL DEFAULT NULL
) ENGINE=MyISAM DEFAULT CHARSET=utf8mb4 COLLATE=utf8mb4_unicode_ci;

-- --------------------------------------------------------

--
-- Table structure for table `migrations`
--

CREATE TABLE `migrations` (
  `id` int(10) UNSIGNED NOT NULL,
  `migration` varchar(191) COLLATE utf8mb4_unicode_ci NOT NULL,
  `batch` int(11) NOT NULL
) ENGINE=MyISAM DEFAULT CHARSET=utf8mb4 COLLATE=utf8mb4_unicode_ci;

--
-- Dumping data for table `migrations`
--

INSERT INTO `migrations` (`id`, `migration`, `batch`) VALUES
(9, '2014_10_12_000000_create_users_table', 1),
(10, '2017_03_17_163141_create_employees_table', 1),
(11, '2017_03_18_001905_create_employee_salary_table', 1),
(12, '2017_03_18_003431_create_department_table', 1),
(13, '2017_03_18_004142_create_division_table', 1),
(14, '2017_03_18_004326_create_country_table', 1),
(15, '2017_03_18_005005_create_state_table', 1),
(16, '2017_03_18_005241_create_city_table', 1);

-- --------------------------------------------------------

--
-- Table structure for table `state`
--

CREATE TABLE `state` (
  `id` int(10) UNSIGNED NOT NULL,
  `country_id` int(11) NOT NULL,
  `name` varchar(60) COLLATE utf8mb4_unicode_ci NOT NULL,
  `created_at` timestamp NULL DEFAULT NULL,
  `updated_at` timestamp NULL DEFAULT NULL,
  `deleted_at` timestamp NULL DEFAULT NULL
) ENGINE=MyISAM DEFAULT CHARSET=utf8mb4 COLLATE=utf8mb4_unicode_ci;

--
-- Dumping data for table `state`
--

INSERT INTO `state` (`id`, `country_id`, `name`, `created_at`, `updated_at`, `deleted_at`) VALUES
(7, 3, 'DKI Jakarta', '2020-07-19 06:38:55', '2020-07-19 06:38:55', NULL),
(6, 3, 'Jawa Barat', '2020-07-19 06:38:25', '2020-07-19 06:38:25', NULL),
(9, 4, 'Seoul', '2020-07-19 06:39:39', '2020-07-19 06:39:39', NULL),
(10, 4, 'Gyeonggi', '2020-07-20 21:48:41', '2020-07-20 21:49:51', NULL);

-- --------------------------------------------------------

--
-- Table structure for table `users`
--

CREATE TABLE `users` (
  `id` int(10) UNSIGNED NOT NULL,
  `username` varchar(191) COLLATE utf8mb4_unicode_ci NOT NULL,
  `email` varchar(191) COLLATE utf8mb4_unicode_ci NOT NULL,
  `password` varchar(191) COLLATE utf8mb4_unicode_ci NOT NULL,
  `lastname` varchar(191) COLLATE utf8mb4_unicode_ci NOT NULL,
  `firstname` varchar(191) COLLATE utf8mb4_unicode_ci NOT NULL,
  `remember_token` varchar(100) COLLATE utf8mb4_unicode_ci DEFAULT NULL,
  `deleted_at` timestamp NULL DEFAULT NULL,
  `created_at` timestamp NULL DEFAULT NULL,
  `updated_at` timestamp NULL DEFAULT NULL
) ENGINE=MyISAM DEFAULT CHARSET=utf8mb4 COLLATE=utf8mb4_unicode_ci;

--
-- Dumping data for table `users`
--

INSERT INTO `users` (`id`, `username`, `email`, `password`, `lastname`, `firstname`, `remember_token`, `deleted_at`, `created_at`, `updated_at`) VALUES
(1, 'admin', 'admin@gmail.com', '$2y$10$V4T0lubS6Vy2afUS3zMPkOOBWfMlN03.KEoi/JwRzBu.KO/m2CtWa', 'Mr', 'admin', 'DKkjho0BR94ja3qOrmECvmidkct3ymlnhe1yHGYP4SQSSuykwU4pdGkRDUzd', NULL, '2017-03-25 18:43:48', '2017-03-25 18:43:48');

--
-- Indexes for dumped tables
--

--
-- Indexes for table `city`
--
ALTER TABLE `city`
  ADD PRIMARY KEY (`id`),
  ADD KEY `city_state_id_foreign` (`state_id`);

--
-- Indexes for table `country`
--
ALTER TABLE `country`
  ADD PRIMARY KEY (`id`);

--
-- Indexes for table `department`
--
ALTER TABLE `department`
  ADD PRIMARY KEY (`id`);

--
-- Indexes for table `division`
--
ALTER TABLE `division`
  ADD PRIMARY KEY (`id`);

--
-- Indexes for table `employees`
--
ALTER TABLE `employees`
  ADD PRIMARY KEY (`id`),
  ADD KEY `employees_city_id_foreign` (`city_id`),
  ADD KEY `employees_state_id_foreign` (`state_id`),
  ADD KEY `employees_country_id_foreign` (`country_id`),
  ADD KEY `employees_department_id_foreign` (`department_id`),
  ADD KEY `employees_division_id_foreign` (`division_id`);

--
-- Indexes for table `employee_salary`
--
ALTER TABLE `employee_salary`
  ADD PRIMARY KEY (`id`),
  ADD KEY `employee_salary_employee_id_foreign` (`employee_id`);

--
-- Indexes for table `migrations`
--
ALTER TABLE `migrations`
  ADD PRIMARY KEY (`id`);

--
-- Indexes for table `state`
--
ALTER TABLE `state`
  ADD PRIMARY KEY (`id`),
  ADD KEY `state_country_id_foreign` (`country_id`);

--
-- Indexes for table `users`
--
ALTER TABLE `users`
  ADD PRIMARY KEY (`id`),
  ADD UNIQUE KEY `users_email_unique` (`email`);

--
-- AUTO_INCREMENT for dumped tables
--

--
-- AUTO_INCREMENT for table `city`
--
ALTER TABLE `city`
  MODIFY `id` int(10) UNSIGNED NOT NULL AUTO_INCREMENT, AUTO_INCREMENT=11;

--
-- AUTO_INCREMENT for table `country`
--
ALTER TABLE `country`
  MODIFY `id` int(10) UNSIGNED NOT NULL AUTO_INCREMENT, AUTO_INCREMENT=5;

--
-- AUTO_INCREMENT for table `department`
--
ALTER TABLE `department`
  MODIFY `id` int(10) UNSIGNED NOT NULL AUTO_INCREMENT, AUTO_INCREMENT=10;

--
-- AUTO_INCREMENT for table `division`
--
ALTER TABLE `division`
  MODIFY `id` int(10) UNSIGNED NOT NULL AUTO_INCREMENT, AUTO_INCREMENT=8;

--
-- AUTO_INCREMENT for table `employees`
--
ALTER TABLE `employees`
  MODIFY `id` int(10) UNSIGNED NOT NULL AUTO_INCREMENT, AUTO_INCREMENT=8;

--
-- AUTO_INCREMENT for table `employee_salary`
--
ALTER TABLE `employee_salary`
  MODIFY `id` int(10) UNSIGNED NOT NULL AUTO_INCREMENT;

--
-- AUTO_INCREMENT for table `migrations`
--
ALTER TABLE `migrations`
  MODIFY `id` int(10) UNSIGNED NOT NULL AUTO_INCREMENT, AUTO_INCREMENT=17;

--
-- AUTO_INCREMENT for table `state`
--
ALTER TABLE `state`
  MODIFY `id` int(10) UNSIGNED NOT NULL AUTO_INCREMENT, AUTO_INCREMENT=12;

--
-- AUTO_INCREMENT for table `users`
--
ALTER TABLE `users`
  MODIFY `id` int(10) UNSIGNED NOT NULL AUTO_INCREMENT, AUTO_INCREMENT=4;
COMMIT;

/*!40101 SET CHARACTER_SET_CLIENT=@OLD_CHARACTER_SET_CLIENT */;
/*!40101 SET CHARACTER_SET_RESULTS=@OLD_CHARACTER_SET_RESULTS */;
/*!40101 SET COLLATION_CONNECTION=@OLD_COLLATION_CONNECTION */;
